{"stats":{"minecraft:mined":{"minecraft:birch_log":1,"minecraft:birch_leaves":3},"minecraft:used":{"minecraft:birch_log":1},"minecraft:custom":{"minecraft:jump":4,"minecraft:time_since_rest":1247,"minecraft:crouch_one_cm":6,"minecraft:sprint_one_cm":154,"minecraft:play_time":1247,"minecraft:time_since_death":1247,"minecraft:walk_one_cm":1028,"minecraft:sneak_time":20,"minecraft:total_world_time":1247,"minecraft:fly_one_cm":403},"minecraft:picked_up":{"minecraft:birch_log":1}},"DataVersion":3953}