{"stats":{"minecraft:broken":{"minecraft:shield":1,"minecraft:iron_pickaxe":1},"minecraft:mined":{"minecraft:dark_oak_planks":1,"minecraft:tuff":32,"minecraft:spruce_planks":1,"minecraft:white_bed":4,"minecraft:mossy_cobblestone":1,"minecraft:deepslate_diamond_ore":20,"minecraft:budding_amethyst":1,"minecraft:grass_block":46,"minecraft:composter":2,"minecraft:cartography_table":1,"minecraft:sandstone":21,"minecraft:spawner":2,"minecraft:hay_block":79,"minecraft:smooth_stone":1,"minecraft:furnace":2,"minecraft:iron_ore":20,"minecraft:fire":1,"minecraft:andesite":1,"minecraft:pumpkin":3,"minecraft:fletching_table":1,"minecraft:deepslate_lapis_ore":11,"minecraft:peony":22,"minecraft:gold_block":2,"minecraft:dark_oak_stairs":1,"minecraft:bell":9,"minecraft:deepslate_iron_ore":44,"minecraft:water_cauldron":4,"minecraft:stone":48,"minecraft:deepslate_redstone_ore":27,"minecraft:glass_pane":1,"minecraft:medium_amethyst_bud":1,"minecraft:dandelion":1,"minecraft:crafting_table":3,"minecraft:torch":4,"minecraft:short_grass":240,"minecraft:calcite":54,"minecraft:tall_grass":8,"minecraft:copper_ore":14,"minecraft:lapis_ore":3,"minecraft:deepslate_gold_ore":59,"minecraft:grindstone":1,"minecraft:sugar_cane":30,"minecraft:diorite":1,"minecraft:wall_torch":3,"minecraft:amethyst_block":40,"minecraft:birch_log":49,"minecraft:birch_leaves":6,"minecraft:yellow_bed":6,"minecraft:coal_ore":92,"minecraft:gravel":4,"minecraft:sand":54,"minecraft:dirt":71,"minecraft:cobweb":17,"minecraft:smooth_basalt":1,"minecraft:deepslate":150},"minecraft:killed_by":{"minecraft:zombie":1},"minecraft:used":{"minecraft:iron_shovel":74,"minecraft:flint_and_steel":1,"minecraft:shield":55,"minecraft:iron_sword":88,"minecraft:bell":9,"minecraft:rotten_flesh":2,"minecraft:iron_chestplate":1,"minecraft:torch":134,"minecraft:dirt":101,"minecraft:tuff":2,"minecraft:obsidian":10,"minecraft:iron_hoe":20,"minecraft:hay_block":1,"minecraft:furnace":3,"minecraft:egg":4,"minecraft:cooked_beef":2,"minecraft:cooked_mutton":6,"minecraft:water_bucket":1,"minecraft:diorite":1,"minecraft:stone_pickaxe":26,"minecraft:wooden_pickaxe":21,"minecraft:sandstone":2,"minecraft:sugar_cane":29,"minecraft:fletching_table":4,"minecraft:mossy_cobblestone":1,"minecraft:crafting_table":6,"minecraft:white_bed":4,"minecraft:diamond_pickaxe":373,"minecraft:bread":39,"minecraft:iron_pickaxe":250,"minecraft:suspicious_stew":1,"minecraft:gravel":2,"minecraft:stone_axe":84,"minecraft:cobblestone":18,"minecraft:cooked_porkchop":2,"minecraft:bucket":2,"minecraft:yellow_bed":6},"minecraft:custom":{"minecraft:mob_kills":42,"minecraft:interact_with_crafting_table":22,"minecraft:bell_ring":32,"minecraft:leave_game":5,"minecraft:time_since_death":172625,"minecraft:sprint_one_cm":379221,"minecraft:walk_one_cm":758674,"minecraft:damage_blocked_by_shield":2781,"minecraft:drop":24,"minecraft:talked_to_villager":11,"minecraft:play_time":242446,"minecraft:sneak_time":17018,"minecraft:deaths":1,"minecraft:walk_under_water_one_cm":5499,"minecraft:jump":2943,"minecraft:walk_on_water_one_cm":22766,"minecraft:total_world_time":242446,"minecraft:interact_with_furnace":33,"minecraft:traded_with_villager":5,"minecraft:interact_with_cartography_table":2,"minecraft:interact_with_grindstone":1,"minecraft:sleep_in_bed":8,"minecraft:time_since_rest":71193,"minecraft:damage_taken":2590,"minecraft:damage_dealt":7205,"minecraft:swim_one_cm":9246,"minecraft:fly_one_cm":495339,"minecraft:open_chest":69,"minecraft:crouch_one_cm":60989,"minecraft:fall_one_cm":63512},"minecraft:crafted":{"minecraft:furnace":1,"minecraft:cooked_mutton":6,"minecraft:flint_and_steel":1,"minecraft:iron_hoe":1,"minecraft:stone_pickaxe":1,"minecraft:wheat":225,"minecraft:cooked_beef":2,"minecraft:emerald":5,"minecraft:cooked_porkchop":2,"minecraft:crafting_table":3,"minecraft:wooden_pickaxe":1,"minecraft:iron_helmet":1,"minecraft:iron_sword":1,"minecraft:fletching_table":3,"minecraft:birch_planks":168,"minecraft:stone_axe":1,"minecraft:bread":80,"minecraft:air":0,"minecraft:iron_chestplate":1,"minecraft:diamond_pickaxe":1,"minecraft:shield":1,"minecraft:stick":224,"minecraft:iron_ingot":30,"minecraft:iron_pickaxe":1,"minecraft:wooden_axe":1,"minecraft:iron_shovel":1,"minecraft:iron_leggings":1,"minecraft:gold_ingot":42,"minecraft:torch":112},"minecraft:dropped":{"minecraft:wheat_seeds":3,"minecraft:poisonous_potato":5,"minecraft:leather":1,"minecraft:dirt":1,"minecraft:wooden_axe":2,"minecraft:gold_ingot":6,"minecraft:birch_sapling":4,"minecraft:rotten_flesh":4,"minecraft:leather_chestplate":1,"minecraft:hay_block":5,"minecraft:andesite":1,"minecraft:wooden_pickaxe":1,"minecraft:stone_pickaxe":1},"minecraft:picked_up":{"minecraft:wooden_axe":2,"minecraft:crafting_table":5,"minecraft:iron_chestplate":1,"minecraft:chicken":2,"minecraft:suspicious_stew":1,"minecraft:potion":1,"minecraft:gold_block":2,"minecraft:enchanted_book":1,"minecraft:nether_brick":3,"minecraft:shield":1,"minecraft:amethyst_block":40,"minecraft:string":22,"minecraft:raw_copper":62,"minecraft:cartography_table":1,"minecraft:cobbled_deepslate":187,"minecraft:smooth_stone":1,"minecraft:spruce_planks":1,"minecraft:beef":2,"minecraft:calcite":54,"minecraft:iron_pickaxe":1,"minecraft:sugar_cane":89,"minecraft:birch_sapling":8,"minecraft:furnace":3,"minecraft:egg":4,"minecraft:raw_iron":64,"minecraft:sandstone":21,"minecraft:composter":2,"minecraft:copper_ingot":6,"minecraft:torch":26,"minecraft:porkchop":7,"minecraft:diorite":1,"minecraft:redstone":123,"minecraft:cauldron":4,"minecraft:arrow":7,"minecraft:rotten_flesh":20,"minecraft:peony":42,"minecraft:hay_block":79,"minecraft:obsidian":10,"minecraft:mutton":6,"minecraft:cobblestone":51,"minecraft:white_wool":6,"minecraft:birch_log":83,"minecraft:feather":2,"minecraft:andesite":3,"minecraft:leather":3,"minecraft:birch_planks":26,"minecraft:flint":1,"minecraft:tuff":32,"minecraft:yellow_bed":6,"minecraft:gunpowder":2,"minecraft:lapis_lazuli":105,"minecraft:dirt":117,"minecraft:cooked_mutton":3,"minecraft:bone":5,"minecraft:wheat_seeds":50,"minecraft:raw_gold":72,"minecraft:grindstone":1,"minecraft:bell":9,"minecraft:heart_of_the_sea":1,"minecraft:iron_ingot":3,"minecraft:fletching_table":1,"minecraft:iron_sword":1,"minecraft:smooth_basalt":1,"minecraft:pumpkin":6,"minecraft:quartz":7,"minecraft:dandelion":1,"minecraft:poisonous_potato":5,"minecraft:gravel":3,"minecraft:sand":57,"minecraft:white_bed":4,"minecraft:crying_obsidian":2,"minecraft:spectral_arrow":6,"minecraft:spider_eye":2,"minecraft:mossy_cobblestone":1,"minecraft:diamond":20,"minecraft:stone_axe":1,"minecraft:coal":162},"minecraft:killed":{"minecraft:spider":2,"minecraft:skeleton":6,"minecraft:chicken":1,"minecraft:magma_cube":4,"minecraft:pig":3,"minecraft:creeper":1,"minecraft:sheep":3,"minecraft:zombie":20,"minecraft:cow":1}},"DataVersion":3953}