{"stats":{"minecraft:broken":{"minecraft:wooden_pickaxe":1,"minecraft:stone_pickaxe":1,"minecraft:golden_sword":1,"minecraft:iron_pickaxe":1,"minecraft:wooden_axe":1},"minecraft:picked_up":{"minecraft:crafting_table":5,"minecraft:gold_block":2,"minecraft:stone_brick_stairs":1,"minecraft:brewing_stand":1,"minecraft:string":4,"minecraft:beetroot":1,"minecraft:cobbled_deepslate":1,"minecraft:spruce_planks":5,"minecraft:beef":5,"minecraft:furnace":3,"minecraft:egg":3,"minecraft:raw_iron":20,"minecraft:sandstone":21,"minecraft:torch":69,"minecraft:spruce_fence":2,"minecraft:porkchop":13,"minecraft:diorite":8,"minecraft:prismarine_crystals":4,"minecraft:dark_oak_planks":6,"minecraft:rotten_flesh":17,"minecraft:beetroot_seeds":4,"minecraft:jungle_stairs":1,"minecraft:hay_block":19,"minecraft:pink_tulip":2,"minecraft:cobblestone":213,"minecraft:birch_log":28,"minecraft:leather_chestplate":2,"minecraft:cooked_beef":1,"minecraft:andesite":53,"minecraft:leather":4,"minecraft:birch_planks":3,"minecraft:flint":1,"minecraft:gunpowder":2,"minecraft:dirt":54,"minecraft:kelp":5,"minecraft:stonecutter":1,"minecraft:wheat_seeds":3,"minecraft:bamboo":3,"minecraft:dark_oak_stairs":6,"minecraft:dark_oak_slab":1,"minecraft:birch_boat":12,"minecraft:chiseled_stone_bricks":1,"minecraft:quartz":8,"minecraft:gravel":12,"minecraft:jungle_planks":10,"minecraft:sand":59,"minecraft:spider_eye":1,"minecraft:diamond":1,"minecraft:granite":4,"minecraft:emerald":1,"minecraft:netherrack":110,"minecraft:coal":67},"minecraft:crafted":{"minecraft:birch_boat":1,"minecraft:furnace":1,"minecraft:iron_boots":1,"minecraft:iron_axe":1,"minecraft:stone_pickaxe":1,"minecraft:chest":2,"minecraft:cooked_beef":4,"minecraft:cooked_porkchop":16,"minecraft:crafting_table":3,"minecraft:wooden_pickaxe":1,"minecraft:birch_planks":112,"minecraft:air":0,"minecraft:stick":40,"minecraft:iron_ingot":11,"minecraft:iron_pickaxe":2,"minecraft:wooden_axe":1,"minecraft:iron_shovel":1,"minecraft:gold_ingot":2,"minecraft:torch":112},"minecraft:dropped":{"minecraft:prismarine_crystals":2,"minecraft:heart_of_the_sea":1,"minecraft:sand":59,"minecraft:obsidian":10,"minecraft:suspicious_stew":1,"minecraft:leather_chestplate":1,"minecraft:andesite":7,"minecraft:bamboo":6},"minecraft:mined":{"minecraft:dark_oak_planks":6,"minecraft:diamond_ore":1,"minecraft:spruce_planks":5,"minecraft:sea_lantern":1,"minecraft:brewing_stand":1,"minecraft:granite":4,"minecraft:dark_oak_fence":1,"minecraft:grass_block":10,"minecraft:spruce_fence":2,"minecraft:jungle_planks":10,"minecraft:kelp":3,"minecraft:sandstone":22,"minecraft:chiseled_stone_bricks":1,"minecraft:hay_block":19,"minecraft:furnace":3,"minecraft:iron_ore":15,"minecraft:andesite":48,"minecraft:gold_block":2,"minecraft:dark_oak_stairs":6,"minecraft:deepslate_iron_ore":5,"minecraft:pink_tulip":1,"minecraft:stone":241,"minecraft:kelp_plant":1,"minecraft:polished_granite":2,"minecraft:crafting_table":5,"minecraft:torch":1,"minecraft:jungle_stairs":2,"minecraft:short_grass":9,"minecraft:emerald_ore":1,"minecraft:cobblestone":2,"minecraft:nether_quartz_ore":8,"minecraft:tall_grass":1,"minecraft:oak_planks":2,"minecraft:diorite":8,"minecraft:wall_torch":10,"minecraft:spruce_stairs":1,"minecraft:birch_planks":2,"minecraft:dark_oak_slab":1,"minecraft:birch_log":27,"minecraft:birch_leaves":3,"minecraft:stone_brick_stairs":1,"minecraft:coal_ore":43,"minecraft:beetroots":1,"minecraft:sunflower":4,"minecraft:gravel":13,"minecraft:sand":67,"minecraft:dirt":29,"minecraft:stonecutter":1,"minecraft:stone_bricks":2,"minecraft:netherrack":125,"minecraft:oak_leaves":8,"minecraft:deepslate":1},"minecraft:killed":{"minecraft:spider":4,"minecraft:chicken":1,"minecraft:drowned":6,"minecraft:magma_cube":1,"minecraft:pig":5,"minecraft:creeper":2,"minecraft:zombie":7,"minecraft:cow":2},"minecraft:used":{"minecraft:iron_shovel":92,"minecraft:chest":2,"minecraft:iron_sword":28,"minecraft:cooked_salmon":3,"minecraft:torch":167,"minecraft:jungle_planks":10,"minecraft:wooden_axe":42,"minecraft:iron_axe":137,"minecraft:golden_sword":33,"minecraft:cooked_cod":2,"minecraft:furnace":4,"minecraft:cooked_beef":5,"minecraft:potato":6,"minecraft:cobbled_deepslate":1,"minecraft:golden_axe":4,"minecraft:diorite":8,"minecraft:birch_planks":36,"minecraft:stone_pickaxe":136,"minecraft:birch_boat":12,"minecraft:wooden_pickaxe":59,"minecraft:sandstone":3,"minecraft:crafting_table":7,"minecraft:bread":15,"minecraft:iron_pickaxe":366,"minecraft:suspicious_stew":1,"minecraft:chiseled_stone_bricks":1,"minecraft:cobblestone":89,"minecraft:cooked_porkchop":16,"minecraft:andesite":43},"minecraft:custom":{"minecraft:mob_kills":28,"minecraft:interact_with_crafting_table":13,"minecraft:bell_ring":1,"minecraft:leave_game":1,"minecraft:time_since_death":172969,"minecraft:climb_one_cm":4136,"minecraft:sprint_one_cm":502804,"minecraft:walk_one_cm":255508,"minecraft:drop":11,"minecraft:play_time":172969,"minecraft:sneak_time":6049,"minecraft:walk_under_water_one_cm":59865,"minecraft:boat_one_cm":541190,"minecraft:interact_with_brewingstand":2,"minecraft:jump":3467,"minecraft:interact_with_blast_furnace":2,"minecraft:walk_on_water_one_cm":48953,"minecraft:total_world_time":172969,"minecraft:interact_with_furnace":22,"minecraft:interact_with_cartography_table":6,"minecraft:interact_with_grindstone":3,"minecraft:interact_with_stonecutter":1,"minecraft:sleep_in_bed":7,"minecraft:time_since_rest":35255,"minecraft:damage_taken":2413,"minecraft:damage_dealt":4787,"minecraft:fly_one_cm":718180,"minecraft:swim_one_cm":101385,"minecraft:open_chest":39,"minecraft:crouch_one_cm":17145,"minecraft:fall_one_cm":94946}},"DataVersion":3953}