{"stats":{"minecraft:mined":{"minecraft:brown_mushroom":1,"minecraft:white_bed":2,"minecraft:carrots":4,"minecraft:furnace":1,"minecraft:crafting_table":2,"minecraft:potatoes":1,"minecraft:red_tulip":2,"minecraft:grass_block":1,"minecraft:oak_log":43,"minecraft:beetroots":1,"minecraft:chest":1,"minecraft:oak_stairs":1,"minecraft:sand":6,"minecraft:dirt":2,"minecraft:tall_grass":1,"minecraft:stone":18,"minecraft:oak_leaves":3},"minecraft:used":{"minecraft:beetroot":1,"minecraft:wooden_axe":49,"minecraft:apple":1,"minecraft:bread":1,"minecraft:chest":2,"minecraft:wooden_pickaxe":19,"minecraft:brown_mushroom":1,"minecraft:wooden_shovel":9,"minecraft:sand":1,"minecraft:crafting_table":3,"minecraft:furnace":2,"minecraft:beetroot_seeds":1,"minecraft:carrot":5,"minecraft:white_bed":2,"minecraft:potato":2},"minecraft:custom":{"minecraft:time_since_rest":5161,"minecraft:sprint_one_cm":89563,"minecraft:walk_one_cm":41180,"minecraft:drop":1,"minecraft:animals_bred":2,"minecraft:damage_dealt":34,"minecraft:interact_with_crafting_table":6,"minecraft:fly_one_cm":38559,"minecraft:open_chest":12,"minecraft:crouch_one_cm":2714,"minecraft:play_time":25646,"minecraft:sneak_time":477,"minecraft:jump":188,"minecraft:leave_game":2,"minecraft:time_since_death":25646,"minecraft:walk_on_water_one_cm":2076,"minecraft:sleep_in_bed":2,"minecraft:total_world_time":25646,"minecraft:fall_one_cm":2802},"minecraft:dropped":{"minecraft:red_tulip":1},"minecraft:crafted":{"minecraft:oak_planks":116,"minecraft:wooden_shovel":1,"minecraft:crafting_table":1,"minecraft:stick":8,"minecraft:wooden_pickaxe":1,"minecraft:wooden_axe":1,"minecraft:chest":1,"minecraft:furnace":1,"minecraft:bread":15,"minecraft:wheat":45},"minecraft:picked_up":{"minecraft:stick":4,"minecraft:crafting_table":2,"minecraft:brown_mushroom":1,"minecraft:potato":4,"minecraft:oak_stairs":1,"minecraft:sand":5,"minecraft:oak_log":42,"minecraft:carrot":12,"minecraft:white_bed":2,"minecraft:dirt":6,"minecraft:beetroot":1,"minecraft:apple":1,"minecraft:beetroot_seeds":1,"minecraft:hay_block":5,"minecraft:red_tulip":3,"minecraft:oak_sapling":1,"minecraft:chest":1,"minecraft:oak_planks":105,"minecraft:cobblestone":18,"minecraft:furnace":1}},"DataVersion":3953}